"name_en","name_el","date","location","description_en","description_el","image_path","riddle_en","riddle_el","wikipedia_url","details_en","details_el"
End of the First Punic War,Τέλος του Πρώτου Καρχηδονιακού Πολέμου,0241-03-10 00:00:00.000,Mediterranean Sea,"Rome defeated Carthage in 241 BCE, securing control over Sicily and ending the First Punic War.","Η Ρώμη νίκησε την Καρχηδόνα το 241 π.Χ., εξασφαλίζοντας τον έλεγχο της Σικελίας και τερματίζοντας τον Πρώτο Καρχηδονιακό Πόλεμο.","03_10_first_punic_war_ends.jpg",A decisive naval battle ended the first long war between two ancient powers.,Μια αποφασιστική ναυμαχία έληξε τον πρώτο μεγάλο πόλεμο μεταξύ δύο αρχαίων δυνάμεων.,https://en.wikipedia.org/wiki/Battle_of_the_Aegates,"",""
Invention of the Telephone,Η Εφεύρεση του Τηλεφώνου,1876-03-10 00:00:00.000,"Boston, USA","Alexander Graham Bell made the first successful phone call, revolutionizing global communication.","Ο Alexander Graham Bell πραγματοποίησε την πρώτη επιτυχημένη τηλεφωνική κλήση, αλλάζοντας την παγκόσμια επικοινωνία.","03_10_first_phone_call_bell.webp",A call that rang out across the world bridging voices across hidden wires.,Μια κλήση που αντήχησε σε όλο τον κόσμο γεφυρώνοντας φωνές μέσω κρυμμένων καλωδίων.,https://en.wikipedia.org/wiki/History_of_the_telephone,"",""
The Tokyo Firebombing,Η Πυρπόληση του Τόκιο,1945-03-10 00:00:00.000,"Tokyo, Japan","U.S. bombers firebombed Tokyo, killing over 100,000 people, the deadliest air raid in history.","Αμερικανικά βομβαρδιστικά έκαψαν το Τόκιο, σκοτώνοντας πάνω από 100.000 άτομα, στη φονικότερη αεροπορική επιδρομή της ιστορίας.","03_10_tokyo_firebombing.jpg",The most destructive single air attack in human history.,Η πιο καταστροφική μεμονωμένη αεροπορική επίθεση στην ανθρώπινη ιστορία.,https://en.wikipedia.org/wiki/Bombing_of_Tokyo,"",""
The Tibetan Uprising,Η Θιβετιανή Εξέγερση,1959-03-10 00:00:00.000,"Lhasa, Tibet","Tibetans rose against Chinese rule, leading to the Dalai Lama's exile to India.","Οι Θιβετιανοί εξεγέρθηκαν ενάντια στην κινεζική κυριαρχία, οδηγώντας τον Δαλάι Λάμα στην εξορία στην Ινδία.","03_10_tibetan_uprising.webp",A people of high peaks and deep traditions rose but lost its leader to exile.,Ένας λαός των υψηλών κορυφών και βαθιών παραδόσεων ξεσηκώθηκε αλλά έχασε τον ηγέτη του στην εξορία.,https://en.wikipedia.org/wiki/1959_Tibetan_uprising,"",""
The Jupiter Effect,Η Επίδραση του Δία,1982-03-10 00:00:00.000,Solar System,"Planetary alignment had sparked doomsday predictions, but nothing catastrophic occurred.","Η ευθυγράμμιση των πλανητών προκάλεσε προβλέψεις καταστροφής, αλλά τίποτα καταστροφικό δεν συνέβη.","03_10_jupiter_effect.webp","Maybe the First “Scientific” Doomsday Prediction, planets aligned, but the world stayed still","Ίσως η πρώτη «επιστημονική» πρόβλεψη καταστροφής, οι πλανήτες ευθυγραμμίστηκαν, αλλά ο κόσμος παρέμεινε ίδιος.",https://en.wikipedia.org/wiki/Jupiter_Effect,"",""
Roman Empire Bans Jews from Public Office,Η Ρωμαϊκή Αυτοκρατορία Απαγορεύει Δημόσια Αξιώματα σε Εβραίους,0418-03-10 00:00:00.000,Δυτική Ρωμαϊκή Αυτοκρατορία,"In 418 AD, the Christianised Roman Empire barred Jews from public office, reinforcing its shift to Christian dominance.","Το 418 μ.Χ., η Ρωμαϊκή Αυτοκρατορία απαγόρευσε στους Εβραίους να κατέχουν δημόσια αξιώματα, ενισχύοντας τη στροφή της προς τη χριστιανική κυριαρχία.","03_10_jews_ban_from_office.jpg",A powerful empire barred a religious minority from holding public office.,Μια ισχυρή αυτοκρατορία απαγόρευσε σε μια θρησκευτική μειονότητα να κατέχει δημόσια αξιώματα.,https://en.wikipedia.org/wiki/History_of_the_Jews_in_the_Roman_Empire,"",""
The Birth of the French Foreign Legion,Η Γέννηση της Γαλλικής Λεγεώνας των Ξένων,1831-03-10 00:00:00.000,Γαλλία,"In 1831, France established the Foreign Legion, recruiting soldiers from around the world for military service.","Το 1831, η Γαλλία ίδρυσε τη Λεγεώνα των Ξένων, στρατολογώντας στρατιώτες από όλο τον κόσμο για στρατιωτική θητεία.","03_10_legion_etrangere.png","A band of outcasts, warriors, and wanderers found a new flag to fight for.","Μια ομάδα απόκληρων, πολεμιστών και περιπλανώμενων βρήκε μια νέα σημαία για να πολεμήσει.",https://en.wikipedia.org/wiki/French_Foreign_Legion,"",""
The dot‑com Bubble Peaks,Η Φούσκα του Διαδικτύου Φτάνει στην Κορύφωσή της,2000-03-10 00:00:00.000,Ηνωμένες Πολιτείες,"The dot‑com bubble peaked, leading to the collapse of tech stocks and a burst in the internet market.","Η φούσκα των dot‑com έφτασε στην κορύφωσή της, οδηγώντας στην κατάρρευση των μετοχών της τεχνολογίας και στην έκρηξη της αγοράς του διαδικτύου.","03_10_dot_com_bubble.webp","Click, invest, peak before collapse.","Κλικ, επένδυση, κορύφωση πριν την κατάρρευση.",https://en.wikipedia.org/wiki/Dot-com_bubble,"",""
Cuba's Coup: Batista Seizes Power,Το Πραξικόπημα στην Κούβα: Ο Μπατίστα Αναλαμβάνει την Εξουσία,1952-03-10 00:00:00.000,Κούβα,"General Batista led a coup in Cuba, overthrowing the government and establishing a dictatorship, sparking the Cuban Revolution.","Ο στρατηγός Μπατίστα ηγήθηκε πραξικοπήματος στην Κούβα, ανατρέποντας την κυβέρνηση και εγκαθιστώντας δικτατορία, πυροδοτώντας την Κουβανική Επανάσταση.","03_10_batista_cuba_coup.jpg","A military leader overthrew the government, setting the stage for revolution.","Ένας στρατιωτικός ηγέτης ανέτρεψε την κυβέρνηση, προετοιμάζοντας το έδαφος για την επανάσταση.",https://en.wikipedia.org/wiki/Fulgencio_Batista,"",""
The Sound of Silence - Simon & Garfunkel,The Sound of Silence - Simon & Garfunkel,1964-03-10 00:00:00.000,Ηνωμένες Πολιτείες,"Simon & Garfunkel recorded ""The Sound of Silence,"" which became an iconic anthem of the 1960s.","Οι Simon & Garfunkel ηχογράφησαν το ""The Sound of Silence,"" το οποίο έγινε εμβληματικός ύμνος της δεκαετίας του 1960.","03_10_sound_of_silence.jpg","Hello darkness, my old friend...","Hello darkness, my old friend.",https://en.wikipedia.org/wiki/The_Sound_of_Silence,"",""
Napoleon Returns from Exile,Η Επιστροφή του Ναπολέοντα απο την Εξορία στην Εξουσία,1815-03-20 00:00:00.000,"Paris, France","Napoleon regains power after exile, but his rule lasts only 100 days before his defeat at Waterloo ends his reign for good.","Ο Ναπολέων δραπετεύει από την εξορία του, αλλά η εξουσία του διαρκεί μόνο περίπου 100 ημέρες πριν ηττηθεί στο Βατερλώ.","03_20_napoleon_returns.jpg","An emperor returns, his exile cut short, but... only for ""100 days""","Ένας αυτοκράτορας επιστρέφει, η εξορία του τελειώνει πρόωρα, αλλά... μόνο για «100 μέρες».",https://en.wikipedia.org/wiki/Hundred_Days,"<p>On March 20, 1815, <strong>Napoleon returned to Paris</strong>, escaping exile from Elba. His comeback, though meant to last, was short‑lived, marking the start of the <strong>""100 Days""</strong>, which in reality lasted <strong>110 days</strong> until his final defeat.</p> <p>With just 1,000 men, he landed in France and marched toward Paris. Troops sent to arrest him <strong>joined him instead of fighting</strong>. Facing the 5th Regiment, he boldly declared: <em>""Soldiers, if any of you wish to kill your Emperor, do so now!""</em>. Instead of firing, they shouted: <strong>""Long live the Emperor!""</strong> and followed him.</p> <p>However, European powers saw his return as a threat and formed <strong>the Seventh Coalition</strong>. On June 18, 1815, Napoleon was decisively defeated by British and Prussian forces at <strong>the Battle of Waterloo</strong>. Days later, he abdicated once more and was exiled to <strong>Saint Helena</strong>, where he died in 1821.</p> <p>The <strong>""100 Days""</strong> proved his ability to inspire loyalty but also his inability to stand against a united Europe.</p>","<p>Στις 20 Μαρτίου 1815, <strong>ο Ναπολέων επέστρεψε στο Παρίσι</strong>, δραπετεύοντας από την εξορία του στην Έλβα. Η επιστροφή του, αν και προγραμματισμένη να διαρκέσει, έμελλε να είναι σύντομη, σηματοδοτώντας την αρχή των <strong>«100 Ημερών»</strong>, που στην πραγματικότητα ήταν <strong>110 ημέρες</strong>, μέχρι την τελική του ήττα.</p> <p>Με μόλις 1.000 άνδρες, αποβιβάστηκε στη Γαλλία και ξεκίνησε την πορεία του προς το Παρίσι. Στρατιωτικές δυνάμεις που στάλθηκαν για να τον συλλάβουν <strong>αντί να τον πολεμήσουν, ενώθηκαν μαζί του</strong>. Ο ίδιος είπε στο 5ο Σύνταγμα: <em>«Στρατιώτες, αν κάποιος από εσάς θέλει να σκοτώσει τον αυτοκράτορά του, να το κάνει τώρα!»</em>. Αντί να τον πυροβολήσουν, φώναξαν: <strong>«Ζήτω ο Αυτοκράτορας!»</strong> και τον ακολούθησαν.</p> <p>Ωστόσο, οι ευρωπαϊκές δυνάμεις είδαν την επιστροφή του ως απειλή και σχημάτισαν <strong>την Έβδομη Συμμαχία</strong>. Στις 18 Ιουνίου 1815, ο Ναπολέων ηττήθηκε από τις βρετανικές και πρωσικές δυνάμεις στη <strong>μάχη του Βατερλώ</strong>. Λίγες μέρες αργότερα, παραιτήθηκε για δεύτερη φορά και εξορίστηκε στη <strong>νήσο Αγία Ελένη</strong>, όπου πέθανε το 1821.</p> <p>Οι <strong>""100 Ημέρες""</strong> του Ναπολέοντα ανέδειξαν τη δύναμή του να εμπνέει τους Γάλλους, αλλά και την αδυναμία του να αντιμετωπίσει το ενωμένο μέτωπο της Ευρώπης.</p>"
Publication of Uncle Tom’s Cabin,Η Πρώτη Έκδοση της Καλύβας του Μπάρμπα‑Θωμά,1852-03-20 00:00:00.000,"Boston, MA, USA","Stowe's novel exposed the horrors of slavery, fueling abolitionism and intensifying the sectional divide before the Civil War.","Το βιβλίο της Στόου ""αποκάλυψε"" τη φρίκη της δουλείας, ενισχύοντας τον αγώνα που οδήγησε στον Εμφύλιο Πόλεμο.","03_20_uncle_toms_cabin.png",A cabin’s tale that shook the chains of a nation,Η ιστορία μιας καλύβας που τραντάξε τις αλυσίδες ενός έθνους.,https://en.wikipedia.org/wiki/Uncle_Tom%27s_Cabin,"<p>On March 20, 1852, <strong>Harriet Beecher Stowe</strong> published <em>Uncle Tom’s Cabin</em>, a novel that would become one of the most influential works in American history. Written in response to the Fugitive Slave Act of 1850, the book depicted the brutal realities of slavery and the moral struggles surrounding it.</p> <p>The novel follows the life and suffering of <strong>Uncle Tom</strong>, an enslaved man whose dignity, faith, and endurance under oppression deeply moved Northern readers. Through vivid characters and emotional storytelling, Stowe exposed the cruelty of slaveholders and the destruction slavery caused to both victims and society as a whole.</p> <p><strong>Its impact was immediate and far‑reaching</strong>. It sold over 300,000 copies in its first year in the U.S. alone and helped galvanize the growing <strong>abolitionist movement</strong> in the North. In the South, it was met with fierce backlash and condemnation, further deepening sectional tensions.</p> <p>When Abraham Lincoln met Stowe during the Civil War, he reportedly said, <em>""So you're the little lady who started this great war.""</em> While perhaps apocryphal, the quote reflects the book's profound cultural impact. <em>Uncle Tom’s Cabin</em> played a crucial role in shaping public opinion and setting the stage for the American Civil War.</p>","<p>Στις 20 Μαρτίου 1852, η <strong>Χάριετ Μπίτσερ Στόου</strong> δημοσιεύει την <em>Καλύβα του Μπάρμπα‑Θωμά</em>, ένα μυθιστόρημα που έμελλε να γίνει ένα από τα πιο επιδραστικά έργα στην ιστορία των ΗΠΑ. Το βιβλίο γράφτηκε ως απάντηση στον Νόμο περί Φυγάδων Δούλων του 1850 και ανέδειξε τη σκληρότητα της δουλείας και τα ηθικά διλήμματα που προκαλούσε.</p> <p>Ο ήρωας, <strong>Μπάρμπα-Θωμάς</strong>, είναι ένας σκλάβος που παρά τις κακουχίες, διατηρεί την πίστη και την αξιοπρέπειά του. Μέσα από συναισθηματικές αφηγήσεις και ισχυρούς χαρακτήρες, η Στόου κατήγγειλε τις ωμότητες του θεσμού της δουλείας και την ηθική του παρακμή.</p> <p><strong>Η απήχηση ήταν τεράστια</strong>. Το έργο πούλησε πάνω από 300.000 αντίτυπα μόνο τον πρώτο χρόνο στις ΗΠΑ και ενίσχυσε καθοριστικά το <strong>κατά της δουλείας κίνημα</strong>. Στον Νότο προκάλεσε έντονες αντιδράσεις, εντείνοντας το χάσμα ανάμεσα στις δύο περιοχές.</p> <p>Όταν η Στόου συνάντησε τον Αβραάμ Λίνκολν, εκείνος φέρεται να είπε: <em>«Εσείς είστε η μικρή κυρία που ξεκίνησε αυτόν τον μεγάλο πόλεμο»</em>. Είτε είναι θρύλος είτε αλήθεια, η φράση εκφράζει τη βαθιά επίδραση του έργου στην πορεία της αμερικανικής ιστορίας.</p>"
Founding of the US Republican Party,Ίδρυση του Αμερικανικού Ρεπουμπλικανικού Κόμματος,1854-03-20 00:00:00.000,"Ripon, WI, USA","Born from Free Soilers and ex‑Whigs, the GOP emerged to oppose slavery's spread, reshaping the course of U.S. politics.","Γεννημένο από Free Soilers και Whigs, το GOP ιδρύθηκε για να εμποδίσει την εξάπλωση της δουλείας αλλάζοντας δραστικά την πολιτική ισορροπία.","03_20_republican_party_foundation.png",Birth of the elephant that challenged the donkey,Η γέννηση του ελέφαντα που προκάλεσε το γαϊδούρι,https://en.wikipedia.org/wiki/History_of_the_Republican_Party_(United_States),"<p>On March 20, 1854, in Ripon, Wisconsin, the first political gathering took place that would lead to the creation of the <strong>Republican Party</strong>. The passage of the <strong>Kansas‑Nebraska Act</strong> — which allowed settlers in new territories to decide by vote whether to permit slavery, thus opening the path for its expansion westward and sparking mass protests in the North — served as the <em>catalyst</em> for the formation of this new political force.</p> <p>The party was formed by former <strong>Free Soilers</strong> and <strong>Whigs</strong>. The former opposed the expansion of slavery, not always from moral principle, but to protect the prospects of white smallholder settlers against the economic and social dominance of slaveholding elites. The latter, advocates of industrialization and public infrastructure, were increasingly divided on the issue of slavery.</p> <p>The Republicans took a fundamentally different stance, calling for <strong>the prohibition of slavery in the new territories, the defense of “free soil” as a core political and moral principle, and the promotion of education, industry, and economic development</strong>.</p> <p>In contrast to the <strong>Democrats</strong> of the time, who defended the rights of states to maintain slavery, the Republicans saw the <strong>non‑expansion of slavery</strong> as a condition for a more just and productive society. Their founding marked the beginning of a radical political realignment that would ultimately lead to the American Civil War.</p> <p>*About the riddle: The Republican Party would later, in the 1870s, be symbolically associated with the elephant, and the Democrats with the donkey..*</p>","<p>Στις 20 Μαρτίου 1854, στο Ρίπον του Ουισκόνσιν, πραγματοποιείται η πρώτη πολιτική συγκέντρωση που θα οδηγήσει στη δημιουργία του <strong>Ρεπουμπλικανικού Κόμματος</strong>. Η ψήφιση του <strong>Νόμου του Κάνσας‑Νεμπράσκα</strong> — που επέτρεπε στους εποίκους των νέων εδαφών να αποφασίζουν μέσω ψηφοφορίας αν θα επιτρέψουν ή όχι τη δουλεία, ανοίγοντας τον δρόμο για την εξάπλωση της σε αυτά τα εδάφη και προκαλώντας μαζικές αντιδράσεις στον Βορρά — αποτέλεσε τον <em>καταλύτη</em> για τη συγκρότηση του νέου πολιτικού φορέα,.</p> <p>Το κόμμα συγκροτήθηκε από πρώην <strong>Free Soilers</strong> και <strong>Whigs</strong>. Οι πρώτοι εναντιώνονταν στην εξάπλωση της δουλείας, όχι πάντα από ηθική αντίληψη, αλλά για να προστατεύσουν την προοπτική των λευκών μικροκαλλιεργητών εποίκων απέναντι στην οικονομική και κοινωνική ""αριστοκρατία"" των δουλοκτητών. Οι δεύτεροι, υποστηρικτές της εκβιομηχάνισης και των δημόσιων υποδομών, είχαν διχαστεί στο ζήτημα της δουλείας.</p> <p>Οι Ρεπουμπλικανοί διαφοροποιήθηκαν ριζικά, ζητώντας <strong>την απαγόρευση της δουλείας στα νέα εδάφη, την υπεράσπιση των «ελεύθερων εδαφών» ως θεμελιώδες πολιτικό και ηθικό ζήτημα, καθώς και τη στήριξη της εκπαίδευσης, της βιομηχανίας και της οικονομικής ανάπτυξης</strong>.</p> <p>Σε αντίθεση με τους <strong>Δημοκρατικούς</strong> της εποχής, που υπερασπίζονταν τα δικαιώματα των πολιτειών να διατηρούν τη δουλεία, οι Ρεπουμπλικανοί είδαν τη <strong>μη εξάπλωση της δουλείας</strong> ως προϋπόθεση για μια δικαιότερη και παραγωγική κοινωνία. Η ίδρυσή τους σηματοδότησε την αρχή μιας ριζικής πολιτικής μετατόπισης που θα οδηγήσει τελικά στον Αμερικανικό Εμφύλιο Πόλεμο.</p><p><em>Σχετικά με τον γρίφο: Το Ρεπουμπλικανικό Κόμμα θα συνδεθεί συμβολικά με τον ελέφαντα μόλις τη δεκαετία του 1870, όπως και το Δημοκρατικό με το γαϊδούρι — μέσα από πολιτικά σκίτσα του Τόμας Ναστ.</em></p>"
Einstein Presents General Relativity,Ο Αϊνστάιν Παρουσιάζει τη Γενική Θεωρία της Σχετικότητας,1916-03-20 00:00:00.000,"Berlin, Germany","Einstein’s theory redefined gravity as the curvature of spacetime, revolutionizing modern physics and cosmic understanding.",Ο Αϊνστάιν ορίζει τη βαρύτητα ως καμπύλωση του χωροχρόνου κι επαναστατικοποιεί τη σύγχρονη Φυσική.,"03_20_einstein_general_relativity.png",A genius bent space and time... gravity just got a lot more relative generally.,Μια διάνοια καμπύλωσε το χώρο και το χρόνο... η βαρύτητα έγινε πολύ πιο σχετική γενικά.,https://en.wikipedia.org/wiki/History_of_general_relativity,"<p>On March 20, 1916, <strong>Albert Einstein</strong> presented his <strong>General Theory of Relativity</strong> to the Prussian Academy of Sciences in Berlin. This theory replaced Newton’s classical view of gravity as a force, proposing instead that gravity is the result of the <strong>curvature of spacetime</strong> around massive objects.</p><p>In simple terms, General Relativity says that <em>space and time are flexible</em>: the more massive an object is, the more it ""bends"" the fabric of spacetime around it (like a heavy object placed on a stretched rubber sheet). Other objects don’t fall toward it because they’re pulled by a force, but because they follow the curved paths shaped by this distortion.</p><p>This revolutionary idea <strong>transformed modern physics</strong>, laying the foundation for our understanding of black holes, the Big Bang, and gravitational waves. It also has practical applications: without General Relativity, technologies like GPS would be significantly inaccurate.</p><p>Beyond science, the theory reshaped our <strong>philosophical view of reality</strong>, showing that time, space, and gravity are not absolute, but relative to mass, motion, and the structure of the Universe itself.</p>","<p>Στις 20 Μαρτίου 1916, ο <strong>Άλμπερτ Αϊνστάιν</strong> παρουσίασε τη <strong>Γενική Θεωρία της Σχετικότητας</strong> στην Πρωσική Ακαδημία Επιστημών στο Βερολίνο. Η θεωρία αυτή επεκτείνει και υπερβαίνει την κλασική νευτώνεια θεώρηση της βαρύτητας, προσφέροντας ένα πληρέστερο μοντέλο που ταυτίζεται με τις νευτώνειες προβλέψεις στην καθημερινότητα, αλλά καθίσταται απαραίτητο σε ισχυρά βαρυτικά πεδία ή κοσμικές κλίμακες. Αντί να βλέπει τη βαρύτητα ως δύναμη, ο Αϊνστάιν πρότεινε ότι είναι αποτέλεσμα της <strong>καμπύλωσης του χωροχρόνου</strong> γύρω από μαζικά σώματα.</p><p>Με απλά λόγια, η Γενική Σχετικότητα λέει πως <em>ο χώρος και ο χρόνος είναι ""ευλύγιστοι""</em>: όσο μεγαλύτερη η μάζα ενός σώματος, τόσο περισσότερο «λυγίζει» τον ιστό του χωροχρόνου γύρω του (όπως ενα βαρύ αντικείμενο σε τεντωμένο πανί). Τα υπόλοιπα αντικείμενα δεν πέφτουν προς αυτό επειδή έλκονται από κάποια δύναμη, αλλά επειδή ακολουθούν τις κυρτές τροχιές που δημιουργεί αυτή η παραμόρφωση.</p><p>Αυτή η επαναστατική ιδέα <strong>μετέβαλε τη σύγχρονη Φυσική</strong>: εξήγησε την τροχιά του Ερμή, προέβλεψε την <strong>καμπύλωση του φωτός</strong> (επιβεβαιώθηκε το 1919), θεμελίωσε την <strong>κοσμολογία</strong> και ερμήνευσε φαινόμενα όπως <strong>μαύρες τρύπες, βαρυτικά κύματα, σκοτεινή ενέργεια</strong> και τη διαστολή του Σύμπαντος. Επηρέασε καθοριστικά όχι μόνο την κοσμολογία, αλλά και την τεχνολογία: χωρίς τη Γενική Σχετικότητα, δεν θα μπορούσαν να λειτουργήσουν με ακρίβεια ούτε τα GPS ούτε η πρόβλεψη βαρυτικών φακών ή κυμάτων.</p> <p>Πέρα από την επιστήμη, η θεωρία άλλαξε και τη <strong>φιλοσοφική κατανόησή μας για τον κόσμο</strong>. Ο Αϊνστάιν απέδειξε πως η πραγματικότητα δεν είναι απόλυτη, αλλά εξαρτάται από τη σχετικότητα του παρατηρητή και την καμπυλότητα του ίδιου του Σύμπαντος.</p>"
Tokyo Subway Sarin Nerve Gas Attack,Επίθεση με Νευροτοξικό Αέριο Σαρίν στο Μετρό του Τόκιο,1995-03-20 00:00:00.000,"Tokyo, Japan","A doomsday cult releases sarin gas in Tokyo’s subway, killing 14 and injuring thousands in Japan’s deadliest terror attack.","Ένα αποκρυφιστικό δόγμα εξαπολύει αέριο σαρίν στο μετρό του Τόκιο, σκοτώνοντας 14 και τραυματίζοντας χιλιάδες.","03_20_tokyo_sarin_attack.png",Terror underground... doom unleashed in the name of prophecy.,Τρόμος στις σήραγγες κάτω από την πόλη... όλεθρος στο όνομα μιας προφητείας.,https://en.wikipedia.org/wiki/Tokyo_subway_sarin_attack,"<p>On March 20, 1995, Japan experienced the deadliest terrorist attack in its history. Members of the <strong>Aum Shinrikyo doomsday cult</strong> released <strong>sarin nerve gas</strong> on five lines of the Tokyo subway during the morning rush hour. The coordinated attack killed <strong>14 people</strong> and injured more than <strong>6,000</strong>.</p> <p>The cult, led by <em>Shoko Asahara</em>, believed in an imminent global apocalypse and claimed that only widespread destruction could bring about salvation. The subway attack was the culmination of a series of violent acts aimed at provoking chaos and overthrowing the state.</p> <p>The incident shocked the nation and led to major changes in public security policy, while also sparking broader discussions about the influence of cults, mind control, and extremism. It served as a grim reminder that even advanced, peaceful societies are not immune to <strong>religious fanaticism and mass violence</strong>.</p>","<p>Στις 20 Μαρτίου 1995, η Ιαπωνία συγκλονίζεται από τη χειρότερη τρομοκρατική επίθεση στην ιστορία της. Μέλη της <strong>θρησκευτικής αίρεσης Aum Shinrikyo</strong> απελευθερώνουν <strong>νευροτοξικό αέριο σαρίν</strong> σε πέντε γραμμές του μετρό του Τόκιο, κατά τη διάρκεια της πρωινής αιχμής. Η συντονισμένη επίθεση σκότωσε <strong>14 ανθρώπους</strong> και τραυμάτισε πάνω από <strong>6.000</strong>.</p> <p>Η αίρεση, υπό την ηγεσία του <em>Σόκο Ασαχάρα</em>, πίστευε σε έναν επερχόμενο παγκόσμιο πόλεμο και ισχυριζόταν ότι μόνο η καταστροφή μπορούσε να οδηγήσει στη ""σωτηρία"". Η επίθεση στο μετρό ήταν το αποκορύφωμα μιας σειράς βίαιων ενεργειών με στόχο την πρόκληση χάους και την ανατροπή του κράτους.</p> <p>Το σοκ που προκάλεσε το γεγονός οδήγησε σε επανεξέταση της ασφάλειας σε δημόσιους χώρους, αλλά και σε ευρύτερη συζήτηση για την επιρροή των αιρέσεων και την ψυχολογική χειραγώγηση. Παράλληλα, κατέδειξε ότι ακόμη και προηγμένες, ειρηνικές κοινωνίες δεν είναι απρόσβλητες από το <strong>θρησκευτικό φανατισμό και τη μαζική βία</strong>.</p>"
USA‑led Coalition of the Willing Invades Iraq,Η Συμμαχία των Προθύμων υπό τις ΗΠΑ Ξεκινά την Εισβολή στο Ιράκ,2003-03-20 00:00:00.000,"Bagdhad, Iraq","The invasion topples Saddam Hussein, sparking insurgency, sectarian violence, and reshaping Middle Eastern geopolitics.","Η εισβολή ανατρέπει τον Σαντάμ Χουσεΐν, προκαλώντας χάος, ανταρσία και γεωπολιτικές αλλαγές στη Μέση Ανατολή.","03_20_iraq_war_first_day.png",Shock and Awe over the Land Between Two Rivers,Σοκ και Δέος στη γη ανάμεσα στους ποταμούς,https://en.wikipedia.org/wiki/2003_invasion_of_Iraq,"<p>On March 20, 2003, the <strong>United States</strong>, under President <strong>George W. Bush</strong>, launched an invasion of Iraq, backed by the so-called <strong>Coalition of the Willing</strong>, including the United Kingdom (under <strong>Tony Blair</strong>), Spain, Italy, Australia, Poland, and others. This operation followed the 9/11 attacks and the invasion of Afghanistan, as part of the broader ""War on Terror."" The official justification for the Iraq War was the alleged presence of <strong>Weapons of Mass Destruction (WMDs)</strong> and supposed links between Saddam Hussein and al‑Qaeda.</p> <p>The WMD claims, however, were later proven false. Investigations revealed that <strong>U.S. and U.K. intelligence agencies</strong> relied on weak or manipulated evidence, and both governments eventually <strong>publicly admitted</strong> that such weapons did not exist. The invasion proceeded without United Nations authorization, sparking widespread international criticism and massive global protests.</p> <p>Although Saddam Hussein was overthrown quickly, the dismantling of the Iraqi state and military led to <strong>widespread chaos, sectarian violence, insurgency, and civil war</strong>. Power vacuums and mismanagement fueled Sunni–Shia tensions and paved the way for the eventual rise of <strong>ISIS</strong> in the region.</p> <p>The campaign began with a massive bombing strategy dubbed <em>""Shock and Awe""</em>, aimed at overwhelming the regime. But instead of stability, the war left a deep geopolitical wound that reshaped the Middle East and continues to affect global politics today. It is now considered by many historians and analysts as one of the most consequential and controversial military interventions of the 21st century.</p>","<p>Στις 20 Μαρτίου 2003, οι <strong>Ηνωμένες Πολιτείες</strong>, υπό τον Πρόεδρο <strong>Τζορτζ Μπους Jr</strong>, ξεκινούν την εισβολή στο Ιράκ, με τη στήριξη της λεγόμενης <strong>Συμμαχίας των Προθύμων</strong>, η οποία περιλάμβανε το Ηνωμένο Βασίλειο (υπό τον <strong>Τόνι Μπλερ</strong>), την Ισπανία, την Ιταλία, την Αυστραλία, την Πολωνία και άλλα κράτη. Η επιχείρηση ακολούθησε τις επιθέσεις της 11ης Σεπτεμβρίου και την εισβολή στο Αφγανιστάν, στο πλαίσιο του ευρύτερου «Πολέμου κατά της Τρομοκρατίας». Η επίσημη αιτιολόγηση ήταν η υποτιθέμενη ύπαρξη <strong>Όπλων Μαζικής Καταστροφής (WMDs)</strong> και οι φερόμενοι δεσμοί του Σαντάμ Χουσεΐν με την Αλ Κάιντα.</p> <p>Ωστόσο, οι ισχυρισμοί περί WMDs αποδείχθηκαν ψευδείς. Έρευνες αποκάλυψαν ότι οι <strong>μυστικές υπηρεσίες των ΗΠΑ και του Ηνωμένου Βασιλείου</strong> στηρίχθηκαν σε αδύναμα ή διαστρεβλωμένα στοιχεία, ενώ και οι δύο κυβερνήσεις <strong>παραδέχθηκαν δημοσίως</strong> ότι τέτοια όπλα δεν υπήρχαν. Η εισβολή προχώρησε χωρίς έγκριση από τα Ηνωμένα Έθνη, προκαλώντας διεθνή κατακραυγή και μαζικές διαδηλώσεις σε όλο τον κόσμο.</p> <p>Αν και ο Σαντάμ Χουσεΐν ανατράπηκε γρήγορα, η διάλυση του ιρακινού κράτους και του στρατού οδήγησε σε <strong>γενικευμένο χάος, σεκταριστική βία, ανταρσία και εμφύλιο πόλεμο</strong>. Τα κενά εξουσίας και η κακή διαχείριση ενίσχυσαν τις εντάσεις μεταξύ σουνιτών και σιιτών και άνοιξαν τον δρόμο για την άνοδο του <strong>Ισλαμικού Κράτους (ISIS)</strong> στην περιοχή.</p> <p>Η εκστρατεία ξεκίνησε με μαζικούς βομβαρδισμούς, στο πλαίσιο της στρατηγικής <em>«Σοκ και Δέος»</em>, που στόχευε στην άμεση κατάρρευση του καθεστώτος. Αντί για σταθερότητα, ο πόλεμος άφησε ένα βαθύ γεωπολιτικό τραύμα που αναδιαμόρφωσε τη Μέση Ανατολή και εξακολουθεί να επηρεάζει τη διεθνή πολιτική έως σήμερα. Θεωρείται πλέον από πολλούς ιστορικούς και αναλυτές ως μία από τις πιο καθοριστικές και αμφιλεγόμενες στρατιωτικές επεμβάσεις του 21ου αιώνα.</p>"
Establishment of the Dutch East India Company,Ίδρυση της Ολλανδικής Εταιρείας Ανατολικών Ινδιών,1602-03-20 00:00:00.000,"Amsterdam, Netherlands","The VOC pioneered global trade, merging commerce and colonialism as the world’s first multinational corporation.","Η VOC εκμεταλλεύτηκε εμπόριο και αποικιοκρατία, γινόμενη η πρώτη πολυεθνική με παγκόσμια κυριαρχία.","03_20_voc_dutch_east_india_co.png","Spices, ships, and shares... first version.","Μπαχαρικά, πλοία και μετοχές... έκδοση πρώτη",https://en.wikipedia.org/wiki/Dutch_East_India_Company,"<p>On March 20, 1602, the Dutch government established the <strong>Vereenigde Oostindische Compagnie (VOC)</strong> — the Dutch East India Company — in Amsterdam. It was the <strong>first multinational corporation</strong> in history, with the legal right to issue shares and the full support of the state. The VOC combined <strong>commerce, military force, and colonial expansion</strong> into a groundbreaking business model, paving the way for modern corporate capitalism.</p> <p>Authorized to <strong>trade, wage war, sign treaties, and govern territories</strong>, the VOC effectively operated as a <em>private state</em>. It built forts, managed ports, raised armies, and administered vast regions across Asia and Africa — from Java and the <strong>Spice Islands (Moluccas)</strong> to Japan and the Cape of Good Hope.</p> <p>The <strong>Moluccas</strong> were of vital strategic and economic importance: there, the VOC enforced <strong>violent military occupation</strong>, displaced or exterminated local populations, and imposed a brutal <strong>monopoly on the trade of nutmeg and cloves</strong>. Its commercial dominance relied not on fair exchange but on repression, coercion, and imperial control.</p> <p>Though later followed by similar ventures — most notably the <strong>British East India Company</strong> — the VOC set the precedent: it was the <strong>first to offer public share trading</strong>, the <strong>first to exercise state‑like diplomatic and military powers</strong>, and the <strong>first to function as a corporate empire</strong>.</p> <p>The founding of the VOC marked a shift from exploration to <strong>systematic capitalist colonisation</strong>, where private capital merged with state power and markets became tools of domination. Its model shaped the future of global trade, corporate imperialism, and left a legacy that echoes into the multinational structures of the 21st century.</p>","<p>Στις 20 Μαρτίου 1602, η Ολλανδική κυβέρνηση ιδρύει στο Άμστερνταμ τη <strong>Vereenigde Oostindische Compagnie (VOC)</strong>, γνωστή ως Ολλανδική Εταιρεία Ανατολικών Ινδιών — την πρώτη πολυεθνική εταιρεία στην ιστορία με δικαίωμα έκδοσης μετοχών και πλήρη κρατική υποστήριξη. Η VOC συνδύασε <strong>εμπόριο, στρατιωτική ισχύ και αποικιοκρατία</strong> σε ένα πρωτοφανές επιχειρηματικό μοντέλο, ανοίγοντας τον δρόμο για τον σύγχρονο εταιρικό καπιταλισμό.</p> <p>Η εταιρεία ήταν εξουσιοδοτημένη να <strong>διαπραγματεύεται, να πολεμά, να συνάπτει συνθήκες και να διοικεί αποικίες</strong>, λειτουργώντας στην πράξη ως <em>ιδιωτικό κράτος</em>. Έχτισε φρούρια, διαχειρίστηκε λιμάνια, συγκρότησε στρατούς και άσκησε διοίκηση σε μεγάλες περιοχές της Ασίας και της Αφρικής — από την Ιάβα και τις <strong>Μολούκες Νήσους</strong> έως την Ιαπωνία και το Ακρωτήρι της Καλής Ελπίδας.</p> <p>Οι <strong>Μολούκες</strong> (γνωστές και ως Νησιά των Μπαχαρικών) υπήρξαν στρατηγικά και οικονομικά κρίσιμες: εκεί η VOC εφάρμοσε <strong>βίαιη στρατιωτική κατοχή</strong>, εξόντωσε ή εκτόπισε τους τοπικούς πληθυσμούς και επέβαλε <strong>μονοπώλιο στο εμπόριο μοσχοκάρυδου και γαρύφαλλου</strong>. Ο εμπορικός της έλεγχος βασίστηκε σε καταστολή, εξαναγκασμό και αποικιακή κυριαρχία.</p> <p>Η VOC ήταν η πρώτη του είδους της, αλλά όχι η μόνη. Αργότερα ακολούθησαν παρόμοιες εταιρείες, όπως η <strong>Βρετανική Εταιρεία Ανατολικών Ινδιών</strong>, που υιοθέτησε αντίστοιχα μοντέλα εξουσίας. Ωστόσο, η VOC έθεσε το πρότυπο: <strong>πρώτη με δημόσια διαπραγμάτευση μετοχών</strong>, <strong>πρώτη με κρατικά δικαιώματα εξωτερικής πολιτικής</strong> και <strong>πρώτη που λειτούργησε ως εταιρική αυτοκρατορία</strong>.</p> <p>Η ίδρυση της VOC σηματοδότησε τη μετάβαση από την εξερεύνηση στην <strong>συστηματοποιημένη, καπιταλιστική αποικιοκρατία</strong>, όπου ο ιδιωτικός πλούτος αποκτά κρατική εξουσία και οι αγορές κυριαρχούν πάνω σε λαούς και πολιτισμούς. Το μοντέλο της επηρέασε βαθιά την πορεία του παγκόσμιου εμπορίου και του αποικιοκρατικού ιμπεριαλισμού, με απόηχους που φτάνουν ως τις πολυεθνικές του 21ου αιώνα.</p>"
First FDA‑Approved HIV/AIDS Drug (AZT),Πρώτο Εγκεκριμένο Φάρμακο από τον FDA για HIV/AIDS (AZT),1987-03-20 00:00:00.000,"Silver Spring, MD, USA","AZT became the first FDA‑approved drug for HIV/AIDS, marking a breakthrough in treatment and hope for millions worldwide.","Το AZT έγινε το πρώτο εγκεκριμένο φάρμακο για HIV/AIDS, σηματοδοτώντας πρόοδο στη θεραπεία και ελπίδα για εκατομμύρια.","03_20_azt_vs_hiv.webp","Science fights back... the first drug against a ""modern scourge"".","Η επιστήμη αντεπιτίθεται—το πρώτο φάρμακο κατά μιας ""σύγχρονης μάστιγας""",https://en.wikipedia.org/wiki/Zidovudine,"<p>On March 20, 1987, the U.S. Food and Drug Administration (<strong>FDA</strong>) approved <strong>AZT (Zidovudine)</strong>, making it the first drug licensed for the treatment of <strong>HIV/AIDS</strong>. Approved just two years after initial clinical trials, it marked a historic milestone — the first major response from medical science to a deadly and fast‑spreading epidemic.</p> <p>While AZT did not cure the virus, it slowed its progression, offering time, hope, and life to patients who had previously faced certain death. Its approval opened the door to a new era of antiretroviral therapy, eventually leading to <strong>drug combinations (cocktails)</strong> that transformed HIV from a fatal disease into a manageable chronic condition.</p> <p>The FDA’s decision also carried profound political and social significance. It came at a time of fear, misinformation, and deep stigma — particularly against communities hit hardest by the epidemic: <strong>gay men, intravenous drug users, and the poor</strong>. AZT became a symbol of science’s <strong>fight not only against disease, but also against neglect and prejudice</strong>.</p> <p><em>*About the riddle:</em> The phrase <strong>“modern scourge”</strong> reflects how AIDS was seen in the 1980s and 1990s — not only as a medical crisis, but as a terrifying and stigmatized global threat.</p>","<p>Στις 20 Μαρτίου 1987, ο Αμερικανικός Οργανισμός Τροφίμων και Φαρμάκων (FDA) εγκρίνει το <strong>AZT (Zidovudine)</strong>, καθιστώντας το το πρώτο φάρμακο που χρησιμοποιείται στη θεραπεία του <strong>HIV/AIDS</strong>. Η έγκρισή του, μόλις δύο χρόνια μετά τις πρώτες κλινικές δοκιμές, αποτέλεσε ιστορικό ορόσημο και την πρώτη μεγάλη απάντηση της ιατρικής επιστήμης σε μια ταχέως εξελισσόμενη και θανατηφόρα επιδημία.</p><p>Το AZT δεν θεράπευε τον ιό, αλλά μπορούσε να επιβραδύνει την εξέλιξη της νόσου, δίνοντας χρόνο, ελπίδα και ζωή σε ασθενείς που μέχρι τότε θεωρούνταν καταδικασμένοι. Η έγκρισή του άνοιξε τον δρόμο για μια νέα εποχή αντιρετροϊκής θεραπείας, οδηγώντας σταδιακά σε <strong>συνδυασμούς φαρμάκων (cocktails)</strong> που μετέτρεψαν τον HIV από θανατηφόρα ασθένεια σε χρόνιο νόσημα.</p><p>Η απόφαση του FDA ήταν επίσης πολιτικής και κοινωνικής σημασίας: ήρθε σε μια περίοδο φόβου, παραπληροφόρησης και στίγματος απέναντι σε κοινότητες που επλήγησαν δυσανάλογα — όπως οι ομοφυλόφιλοι άνδρες, οι χρήστες ενδοφλέβιων ουσιών και οι φτωχοί. Το AZT έγινε σύμβολο της <strong>επιστημονικής μάχης ενάντια στην αδιαφορία και τον στιγματισμό</strong>.</p><p><em>*Σχετικά με το riddle:</em> Η φράση <strong>«σύγχρονη μάστιγα»</strong> αντικατοπτρίζει το πώς έγινε αντιληπτό το AIDS στις δεκαετίες του '80 και '90 — ως μια παγκόσμια απειλή, γεμάτη φόβο και προκατάληψη, που ξεπέρασε σύνορα, τάξεις και κοινωνικές διακρίσεις.</p>"
Siege of Kobanî is Broken,Η Πολιορκία του Κομπανί Σπάει,2015-03-20 00:00:00.000,"Kobanî, Syria","Kurdish forces repel ISIS extremists after months of brutal siege, marking a decisive victory in the global fight against terror.","Οι Κούρδοι αποκρούουν το ISIS μετά από μήνες πολιορκίας, σταματώντας για πρώτη φορά την επελαύνουσα θρησκευτική βαρβαρότητα.","03_20_kobani_siege_broken.jpg",A Rojavan city stood firm against brutal fanatical forces turning the tide of battle,Μια πόλη της Ροζάβας στέκεται μόνη απέναντι στο θρησκευτικό φανατισμό... η δύναμή της αλλάζει την πορεία του πολέμου,https://en.wikipedia.org/wiki/Siege_of_Koban%C3%AE,"<p>On March 20, 2015, after five months of brutal siege, Kurdish forces successfully defended and fully recaptured the city of <strong>Kobanî</strong> (or Ayn al‑Arab) in northern Syria, forcing <strong>ISIS</strong> militants into retreat. It marked the first major defeat for ISIS on the battlefield — and a powerful symbolic victory for the global struggle against religious extremism.</p> <p>Kobanî, part of the semi‑autonomous region of <strong>Rojava</strong>, was defended by the libertarian socialist <strong>YPG</strong> and <strong>YPJ</strong> militias — the latter composed of <strong>female fighters</strong> whose presence became iconic. Outnumbered and outgunned, these local forces held their ground and turned the city into a symbol of resistance against <strong>theocratic barbarism</strong>.</p> <p>Although international support came late, coalition airstrikes eventually helped tip the balance. The lifting of the siege was seen as a <strong>turning point in the war against ISIS</strong>, proving that grassroots democratic forces could defeat religious fundamentalism — even without full‑scale backing from states.</p> <p>Kobanî’s strategic position made its defense all the more remarkable. The city had <strong>no depth or territorial buffer</strong>; it sat directly on the <strong>sealed Turkish border</strong>. During the siege, <strong>Turkey kept the border closed</strong>, refusing to allow Kurdish volunteers, weapons, or humanitarian aid to pass through — fearing the empowerment of the broader Kurdish movement. This left Kobanî <strong>isolated</strong>, fighting for survival with its back literally against the wall.</p> <p>The Battle of Kobanî was not just a military triumph — it was a defiant stand against fascism and fanaticism. It remains one of the most significant moments in the fight against ISIS, when a small city, <strong>nearly alone, turned the tide of a war</strong>.</p>","<p>Στις 20 Μαρτίου 2015, μετά από πέντε μήνες πολιορκίας, οι κουρδικές δυνάμεις υπερασπίζονται και ανακαταλαμβάνουν πλήρως την πόλη <strong>Κομπανί</strong> (ή Ayn al‑Arab) στη βόρεια Συρία, αναγκάζοντας τους μαχητές του <strong>Ισλαμικού Κράτους (ISIS)</strong> σε υποχώρηση. Ήταν η πρώτη μεγάλη ήττα για το ISIS στο πεδίο της μάχης, αλλά και μια νίκη με ισχυρό συμβολικό φορτίο.</p> <p>Το Κομπανί, πόλη της ημιαυτόνομης περιοχής <strong>Ροζάβα</strong>, υπερασπίστηκε από τις πολιτοφυλακές <strong>YPG</strong> και <strong>YPJ</strong> — με καθοριστικό ρόλο των <strong>γυναικείων μαχητριών</strong>. Ενάντια σε έναν αριθμητικά και εξοπλιστικά ανώτερο εχθρό, οι υπερασπιστές κράτησαν τη γραμμή, μετατρέποντας την πόλη σε σύμβολο αντίστασης ενάντια στη <strong>θεοκρατική βαρβαρότητα</strong>.</p> <p>Η διεθνής κοινότητα, παρότι καθυστερημένα, παρενέβη με στοχευμένες αεροπορικές επιδρομές κατά των δυνάμεων του ISIS. Η ανατροπή της πολιορκίας θεωρήθηκε <strong>σημείο καμπής στον πόλεμο κατά του Ισλαμικού Κράτους</strong>, αποδεικνύοντας ότι τοπικές δημοκρατικές δυνάμεις μπορούσαν να νικήσουν τον φανατισμό — ακόμη και χωρίς την πλήρη υποστήριξη κρατών.</p> <p>Η στρατηγική σημασία της μάχης ενισχύεται από το γεγονός ότι το Κομπανί <strong>δεν διέθετε ενδοχώρα</strong>: η πόλη ήταν με την «πλάτη στον τοίχο», κολλημένη στα <strong>σφραγισμένα τουρκικά σύνορα</strong>. Η Τουρκία, φοβούμενη την ενίσχυση του κουρδικού κινήματος, <strong>δεν επέτρεψε τη διέλευση εθελοντών ή ενισχύσεων</strong>, καθιστώντας την αντίσταση ακόμα πιο ηρωική — μια <em>απομονωμένη υπεράσπιση ενάντια στον θρησκευτικό φανατισμό</em>.</p> <p>Η μάχη του Κομπανί δεν ήταν μόνο στρατιωτική νίκη, αλλά και μια ηχηρή απάντηση απέναντι στην επιβολή σκοταδισμού και φονταμενταλισμού. Έμεινε στην ιστορία ως η στιγμή όπου μια μικρή πόλη, <strong>σχεδόν μόνη της, άλλαξε την πορεία ενός πολέμου</strong>.</p>"
Volta Announces the Invention of the electrical battery,Ο Βόλτα Ανακοινώνει την Εφεύρεση της Ηλεκτρικής Μπαταρίας,1800-03-20 00:00:00.000,"London, UK","Volta’s battery revolutionized energy, paving the way for electrical advancements that power the modern world.","Η μπαταρία του Βόλτα αλλάζει την ενέργεια, ανοίγοντας τον δρόμο για τις ηλεκτρικές τεχνολογίες του μέλλοντος.","03_20_volta_battery.webp","A pile of metals, and the power of electricity in our hands","Μια στήλη μετάλλων, και να.. η δύναμη του ηλεκτρισμού στα χέρια μας.",https://en.wikipedia.org/wiki/Alessandro_Volta,"<p>Στις 20 Μαρτίου 1815, <strong>ο Ναπολέων επέστρεψε στο Παρίσι</strong>, δραπετεύοντας από την εξορία του στην Έλβα. Η επιστροφή του, αν και προγραμματισμένη να διαρκέσει, έμελλε να είναι σύντομη, σηματοδοτώντας την αρχή των <strong>«100 Ημερών»</strong>, που στην πραγματικότητα ήταν <strong>110 ημέρες</strong>, μέχρι την τελική του ήττα.</p> <p>Με μόλις 1.000 άνδρες, αποβιβάστηκε στη Γαλλία και ξεκίνησε την πορεία του προς το Παρίσι. Στρατιωτικές δυνάμεις που στάλθηκαν για να τον συλλάβουν <strong>αντί να τον πολεμήσουν, ενώθηκαν μαζί του</strong>. Ο ίδιος είπε στο 5ο Σύνταγμα: <em>«Στρατιώτες, αν κάποιος από εσάς θέλει να σκοτώσει τον αυτοκράτορά του, να το κάνει τώρα!»</em>. Αντί να τον πυροβολήσουν, φώναξαν: <strong>«Ζήτω ο Αυτοκράτορας!»</strong> και τον ακολούθησαν.</p> <p>Ωστόσο, οι ευρωπαϊκές δυνάμεις είδαν την επιστροφή του ως απειλή και σχημάτισαν <strong>την Έβδομη Συμμαχία</strong>. Στις 18 Ιουνίου 1815, ο Ναπολέων ηττήθηκε από τις βρετανικές και πρωσικές δυνάμεις στη <strong>μάχη του Βατερλώ</strong>. Λίγες μέρες αργότερα, παραιτήθηκε για δεύτερη φορά και εξορίστηκε στη <strong>νήσο Αγία Ελένη</strong>, όπου πέθανε το 1821.</p> <p>Οι <strong>""100 Ημέρες""</strong> του Ναπολέοντα ανέδειξαν τη δύναμή του να εμπνέει τους Γάλλους, αλλά και την αδυναμία του να αντιμετωπίσει το ενωμένο μέτωπο της Ευρώπης.</p>","<p>Στις 20 Μαρτίου 1815, <strong>ο Ναπολέων επέστρεψε στο Παρίσι</strong>, δραπετεύοντας από την εξορία του στην Έλβα. Η επιστροφή του, αν και προγραμματισμένη να διαρκέσει, έμελλε να είναι σύντομη, σηματοδοτώντας την αρχή των <strong>«100 Ημερών»</strong>, που στην πραγματικότητα ήταν <strong>110 ημέρες</strong>, μέχρι την τελική του ήττα.</p> <p>Με μόλις 1.000 άνδρες, αποβιβάστηκε στη Γαλλία και ξεκίνησε την πορεία του προς το Παρίσι. Στρατιωτικές δυνάμεις που στάλθηκαν για να τον συλλάβουν <strong>αντί να τον πολεμήσουν, ενώθηκαν μαζί του</strong>. Ο ίδιος είπε στο 5ο Σύνταγμα: <em>«Στρατιώτες, αν κάποιος από εσάς θέλει να σκοτώσει τον αυτοκράτορά του, να το κάνει τώρα!»</em>. Αντί να τον πυροβολήσουν, φώναξαν: <strong>«Ζήτω ο Αυτοκράτορας!»</strong> και τον ακολούθησαν.</p> <p>Ωστόσο, οι ευρωπαϊκές δυνάμεις είδαν την επιστροφή του ως απειλή και σχημάτισαν <strong>την Έβδομη Συμμαχία</strong>. Στις 18 Ιουνίου 1815, ο Ναπολέων ηττήθηκε από τις βρετανικές και πρωσικές δυνάμεις στη <strong>μάχη του Βατερλώ</strong>. Λίγες μέρες αργότερα, παραιτήθηκε για δεύτερη φορά και εξορίστηκε στη <strong>νήσο Αγία Ελένη</strong>, όπου πέθανε το 1821.</p> <p>Οι <strong>""100 Ημέρες""</strong> του Ναπολέοντα ανέδειξαν τη δύναμή του να εμπνέει τους Γάλλους, αλλά και την αδυναμία του να αντιμετωπίσει το ενωμένο μέτωπο της Ευρώπης.</p>"
Nader Shah of Iran conquers Delhi and crushes Mughal power,Ο Σάχης του Ιράν κατακτά το Δελχί και συντρίβει τη δύναμη των Ινδών Μουγκάλ,1739-03-20 00:00:00.000,"Delhi, India","The Persian ruler sacks Delhi, loots the Peacock Throne, and cripples Mughal power, shifting dominance in South Asia.","Ο Ναντέρ Σαχ λεηλατεί το Δελχί, κλέβει τον Θρόνο του Παγωνιού και αποδυναμώνει καθοριστικά την Μογγολική Αυτοκρατορία της Ινδίας.","03_20_delhi_sack_by_iran.jpg",The Peacock Throne is looted and an empire begins to crumble,Ο Θρόνος του Παγωνιού λαφυραγωγείται και μια αυτοκρατορία αρχίζει να καταρρέει.,http://en.wikipedia.org/wiki/Nader_Shah%27s_invasion_of_India,"<p>Στις 20 Μαρτίου 1815, <strong>ο Ναπολέων επέστρεψε στο Παρίσι</strong>, δραπετεύοντας από την εξορία του στην Έλβα. Η επιστροφή του, αν και προγραμματισμένη να διαρκέσει, έμελλε να είναι σύντομη, σηματοδοτώντας την αρχή των <strong>«100 Ημερών»</strong>, που στην πραγματικότητα ήταν <strong>110 ημέρες</strong>, μέχρι την τελική του ήττα.</p> <p>Με μόλις 1.000 άνδρες, αποβιβάστηκε στη Γαλλία και ξεκίνησε την πορεία του προς το Παρίσι. Στρατιωτικές δυνάμεις που στάλθηκαν για να τον συλλάβουν <strong>αντί να τον πολεμήσουν, ενώθηκαν μαζί του</strong>. Ο ίδιος είπε στο 5ο Σύνταγμα: <em>«Στρατιώτες, αν κάποιος από εσάς θέλει να σκοτώσει τον αυτοκράτορά του, να το κάνει τώρα!»</em>. Αντί να τον πυροβολήσουν, φώναξαν: <strong>«Ζήτω ο Αυτοκράτορας!»</strong> και τον ακολούθησαν.</p> <p>Ωστόσο, οι ευρωπαϊκές δυνάμεις είδαν την επιστροφή του ως απειλή και σχημάτισαν <strong>την Έβδομη Συμμαχία</strong>. Στις 18 Ιουνίου 1815, ο Ναπολέων ηττήθηκε από τις βρετανικές και πρωσικές δυνάμεις στη <strong>μάχη του Βατερλώ</strong>. Λίγες μέρες αργότερα, παραιτήθηκε για δεύτερη φορά και εξορίστηκε στη <strong>νήσο Αγία Ελένη</strong>, όπου πέθανε το 1821.</p> <p>Οι <strong>""100 Ημέρες""</strong> του Ναπολέοντα ανέδειξαν τη δύναμή του να εμπνέει τους Γάλλους, αλλά και την αδυναμία του να αντιμετωπίσει το ενωμένο μέτωπο της Ευρώπης.</p>","<p>Στις 20 Μαρτίου 1815, <strong>ο Ναπολέων επέστρεψε στο Παρίσι</strong>, δραπετεύοντας από την εξορία του στην Έλβα. Η επιστροφή του, αν και προγραμματισμένη να διαρκέσει, έμελλε να είναι σύντομη, σηματοδοτώντας την αρχή των <strong>«100 Ημερών»</strong>, που στην πραγματικότητα ήταν <strong>110 ημέρες</strong>, μέχρι την τελική του ήττα.</p> <p>Με μόλις 1.000 άνδρες, αποβιβάστηκε στη Γαλλία και ξεκίνησε την πορεία του προς το Παρίσι. Στρατιωτικές δυνάμεις που στάλθηκαν για να τον συλλάβουν <strong>αντί να τον πολεμήσουν, ενώθηκαν μαζί του</strong>. Ο ίδιος είπε στο 5ο Σύνταγμα: <em>«Στρατιώτες, αν κάποιος από εσάς θέλει να σκοτώσει τον αυτοκράτορά του, να το κάνει τώρα!»</em>. Αντί να τον πυροβολήσουν, φώναξαν: <strong>«Ζήτω ο Αυτοκράτορας!»</strong> και τον ακολούθησαν.</p> <p>Ωστόσο, οι ευρωπαϊκές δυνάμεις είδαν την επιστροφή του ως απειλή και σχημάτισαν <strong>την Έβδομη Συμμαχία</strong>. Στις 18 Ιουνίου 1815, ο Ναπολέων ηττήθηκε από τις βρετανικές και πρωσικές δυνάμεις στη <strong>μάχη του Βατερλώ</strong>. Λίγες μέρες αργότερα, παραιτήθηκε για δεύτερη φορά και εξορίστηκε στη <strong>νήσο Αγία Ελένη</strong>, όπου πέθανε το 1821.</p> <p>Οι <strong>""100 Ημέρες""</strong> του Ναπολέοντα ανέδειξαν τη δύναμή του να εμπνέει τους Γάλλους, αλλά και την αδυναμία του να αντιμετωπίσει το ενωμένο μέτωπο της Ευρώπης.</p>"